Province,Sex,Age Group,Population
Canada,Both sexes,0+,38929902
Canada,Both sexes,0-4,1881099
Canada,Both sexes,5-9,2062572
Canada,Both sexes,10-14,2126905
Canada,Both sexes,15-19,2124972
Canada,Both sexes,20-24,2520278
Canada,Both sexes,25-29,2703647
Canada,Both sexes,30-34,2782998
Canada,Both sexes,35-39,2718849
Canada,Both sexes,40-44,2573624
Canada,Both sexes,45-49,2405593
Canada,Both sexes,50-54,2423627
Canada,Both sexes,55-59,2635125
Canada,Both sexes,60-64,2640008
Canada,Both sexes,65-69,2308096
Canada,Both sexes,70-74,1879942
Canada,Both sexes,75-79,1381797
Canada,Both sexes,80-84,878761
Canada,Both sexes,85-89,530078
Canada,Both sexes,90-94,260752
Canada,Both sexes,95-99,77694
Canada,Both sexes,0-14,6070576
Canada,Both sexes,0-15,6489341
Canada,Both sexes,0-16,6902068
Canada,Both sexes,0-17,7314075
Canada,Both sexes,15-49,17829961
Canada,Both sexes,15-64,25528721
Canada,Both sexes,16-64,25109956
Canada,Both sexes,17-64,24697229
Canada,Both sexes,18-64,24285222
Canada,Both sexes,18-24,3401751
Canada,Both sexes,25-44,10779118
Canada,Both sexes,45-64,10104353
Canada,Males,0+,19357704
Canada,Males,0-4,964696
Canada,Males,5-9,1056692
Canada,Males,10-14,1084824
Canada,Males,15-19,1082693
Canada,Males,20-24,1313100
Canada,Males,25-29,1403901
Canada,Males,30-34,1417447
Canada,Males,35-39,1370181
Canada,Males,40-44,1278613
Canada,Males,45-49,1190306
Canada,Males,50-54,1202350
Canada,Males,55-59,1308415
Canada,Males,60-64,1299750
Canada,Males,65-69,1118232
Canada,Males,70-74,897586
Canada,Males,75-79,647403
Canada,Males,80-84,391174
Canada,Males,85-89,216618
Canada,Males,90-94,90572
Canada,Males,95-99,20532
Canada,Males,0-14,3106212
Canada,Males,0-15,3319075
Canada,Males,0-16,3528607
Canada,Males,0-17,3738222
Canada,Males,15-49,9056241
Canada,Males,15-64,12866756
Canada,Males,16-64,12653893
Canada,Males,17-64,12444361
Canada,Males,18-64,12234746
Canada,Males,18-24,1763783
Canada,Males,25-44,5470142
Canada,Males,45-64,5000821
Canada,Females,0+,19572198
Canada,Females,0-4,916403
Canada,Females,5-9,1005880
Canada,Females,10-14,1042081
Canada,Females,15-19,1042279
Canada,Females,20-24,1207178
Canada,Females,25-29,1299746
Canada,Females,30-34,1365551
Canada,Females,35-39,1348668
Canada,Females,40-44,1295011
Canada,Females,45-49,1215287
Canada,Females,50-54,1221277
Canada,Females,55-59,1326710
Canada,Females,60-64,1340258
Canada,Females,65-69,1189864
Canada,Females,70-74,982356
Canada,Females,75-79,734394
Canada,Females,80-84,487587
Canada,Females,85-89,313460
Canada,Females,90-94,170180
Canada,Females,95-99,57162
Canada,Females,0-14,2964364
Canada,Females,0-15,3170266
Canada,Females,0-16,3373461
Canada,Females,0-17,3575853
Canada,Females,15-49,8773720
Canada,Females,15-64,12661965
Canada,Females,16-64,12456063
Canada,Females,17-64,12252868
Canada,Females,18-64,12050476
Canada,Females,18-24,1637968
Canada,Females,25-44,5308976
Canada,Females,45-64,5103532
Newfoundland and Labrador,Both sexes,0+,525972
Newfoundland and Labrador,Both sexes,0-4,19502
Newfoundland and Labrador,Both sexes,5-9,23130
Newfoundland and Labrador,Both sexes,10-14,25829
Newfoundland and Labrador,Both sexes,15-19,27290
Newfoundland and Labrador,Both sexes,20-24,30009
Newfoundland and Labrador,Both sexes,25-29,28408
Newfoundland and Labrador,Both sexes,30-34,29456
Newfoundland and Labrador,Both sexes,35-39,29963
Newfoundland and Labrador,Both sexes,40-44,30912
Newfoundland and Labrador,Both sexes,45-49,33683
Newfoundland and Labrador,Both sexes,50-54,39049
Newfoundland and Labrador,Both sexes,55-59,42217
Newfoundland and Labrador,Both sexes,60-64,42585
Newfoundland and Labrador,Both sexes,65-69,40343
Newfoundland and Labrador,Both sexes,70-74,34780
Newfoundland and Labrador,Both sexes,75-79,24456
Newfoundland and Labrador,Both sexes,80-84,13649
Newfoundland and Labrador,Both sexes,85-89,6986
Newfoundland and Labrador,Both sexes,90-94,2812
Newfoundland and Labrador,Both sexes,95-99,768
Newfoundland and Labrador,Both sexes,0-14,68461
Newfoundland and Labrador,Both sexes,0-15,73705
Newfoundland and Labrador,Both sexes,0-16,79080
Newfoundland and Labrador,Both sexes,0-17,84428
Newfoundland and Labrador,Both sexes,15-49,209721
Newfoundland and Labrador,Both sexes,15-64,333572
Newfoundland and Labrador,Both sexes,16-64,328328
Newfoundland and Labrador,Both sexes,17-64,322953
Newfoundland and Labrador,Both sexes,18-64,317605
Newfoundland and Labrador,Both sexes,18-24,41332
Newfoundland and Labrador,Both sexes,25-44,118739
Newfoundland and Labrador,Both sexes,45-64,157534
Newfoundland and Labrador,Males,0+,259761
Newfoundland and Labrador,Males,0-4,10018
Newfoundland and Labrador,Males,5-9,12014
Newfoundland and Labrador,Males,10-14,13218
Newfoundland and Labrador,Males,15-19,14069
Newfoundland and Labrador,Males,20-24,16024
Newfoundland and Labrador,Males,25-29,14724
Newfoundland and Labrador,Males,30-34,14792
Newfoundland and Labrador,Males,35-39,14544
Newfoundland and Labrador,Males,40-44,14701
Newfoundland and Labrador,Males,45-49,16244
Newfoundland and Labrador,Males,50-54,19007
Newfoundland and Labrador,Males,55-59,20619
Newfoundland and Labrador,Males,60-64,20942
Newfoundland and Labrador,Males,65-69,19646
Newfoundland and Labrador,Males,70-74,16963
Newfoundland and Labrador,Males,75-79,11778
Newfoundland and Labrador,Males,80-84,6260
Newfoundland and Labrador,Males,85-89,2971
Newfoundland and Labrador,Males,90-94,995
Newfoundland and Labrador,Males,95-99,211
Newfoundland and Labrador,Males,0-14,35250
Newfoundland and Labrador,Males,0-15,37983
Newfoundland and Labrador,Males,0-16,40726
Newfoundland and Labrador,Males,0-17,43448
Newfoundland and Labrador,Males,15-49,105098
Newfoundland and Labrador,Males,15-64,165666
Newfoundland and Labrador,Males,16-64,162933
Newfoundland and Labrador,Males,17-64,160190
Newfoundland and Labrador,Males,18-64,157468
Newfoundland and Labrador,Males,18-24,21895
Newfoundland and Labrador,Males,25-44,58761
Newfoundland and Labrador,Males,45-64,76812
Newfoundland and Labrador,Females,0+,266211
Newfoundland and Labrador,Females,0-4,9484
Newfoundland and Labrador,Females,5-9,11116
Newfoundland and Labrador,Females,10-14,12611
Newfoundland and Labrador,Females,15-19,13221
Newfoundland and Labrador,Females,20-24,13985
Newfoundland and Labrador,Females,25-29,13684
Newfoundland and Labrador,Females,30-34,14664
Newfoundland and Labrador,Females,35-39,15419
Newfoundland and Labrador,Females,40-44,16211
Newfoundland and Labrador,Females,45-49,17439
Newfoundland and Labrador,Females,50-54,20042
Newfoundland and Labrador,Females,55-59,21598
Newfoundland and Labrador,Females,60-64,21643
Newfoundland and Labrador,Females,65-69,20697
Newfoundland and Labrador,Females,70-74,17817
Newfoundland and Labrador,Females,75-79,12678
Newfoundland and Labrador,Females,80-84,7389
Newfoundland and Labrador,Females,85-89,4015
Newfoundland and Labrador,Females,90-94,1817
Newfoundland and Labrador,Females,95-99,557
Newfoundland and Labrador,Females,0-14,33211
Newfoundland and Labrador,Females,0-15,35722
Newfoundland and Labrador,Females,0-16,38354
Newfoundland and Labrador,Females,0-17,40980
Newfoundland and Labrador,Females,15-49,104623
Newfoundland and Labrador,Females,15-64,167906
Newfoundland and Labrador,Females,16-64,165395
Newfoundland and Labrador,Females,17-64,162763
Newfoundland and Labrador,Females,18-64,160137
Newfoundland and Labrador,Females,18-24,19437
Newfoundland and Labrador,Females,25-44,59978
Newfoundland and Labrador,Females,45-64,80722
Prince Edward Island,Both sexes,0+,170688
Prince Edward Island,Both sexes,0-4,7345
Prince Edward Island,Both sexes,5-9,8360
Prince Edward Island,Both sexes,10-14,9276
Prince Edward Island,Both sexes,15-19,9566
Prince Edward Island,Both sexes,20-24,13761
Prince Edward Island,Both sexes,25-29,13311
Prince Edward Island,Both sexes,30-34,10215
Prince Edward Island,Both sexes,35-39,9971
Prince Edward Island,Both sexes,40-44,10015
Prince Edward Island,Both sexes,45-49,10229
Prince Edward Island,Both sexes,50-54,10767
Prince Edward Island,Both sexes,55-59,11539
Prince Edward Island,Both sexes,60-64,11669
Prince Edward Island,Both sexes,65-69,10738
Prince Edward Island,Both sexes,70-74,9538
Prince Edward Island,Both sexes,75-79,6709
Prince Edward Island,Both sexes,80-84,3920
Prince Edward Island,Both sexes,85-89,2388
Prince Edward Island,Both sexes,90-94,998
Prince Edward Island,Both sexes,95-99,301
Prince Edward Island,Both sexes,0-14,24981
Prince Edward Island,Both sexes,0-15,26890
Prince Edward Island,Both sexes,0-16,28711
Prince Edward Island,Both sexes,0-17,30606
Prince Edward Island,Both sexes,15-49,77068
Prince Edward Island,Both sexes,15-64,111043
Prince Edward Island,Both sexes,16-64,109134
Prince Edward Island,Both sexes,17-64,107313
Prince Edward Island,Both sexes,18-64,105418
Prince Edward Island,Both sexes,18-24,17702
Prince Edward Island,Both sexes,25-44,43512
Prince Edward Island,Both sexes,45-64,44204
Prince Edward Island,Males,0+,84790
Prince Edward Island,Males,0-4,3798
Prince Edward Island,Males,5-9,4354
Prince Edward Island,Males,10-14,4601
Prince Edward Island,Males,15-19,4884
Prince Edward Island,Males,20-24,7539
Prince Edward Island,Males,25-29,7334
Prince Edward Island,Males,30-34,5117
Prince Edward Island,Males,35-39,4902
Prince Edward Island,Males,40-44,4870
Prince Edward Island,Males,45-49,4975
Prince Edward Island,Males,50-54,5228
Prince Edward Island,Males,55-59,5682
Prince Edward Island,Males,60-64,5631
Prince Edward Island,Males,65-69,5100
Prince Edward Island,Males,70-74,4616
Prince Edward Island,Males,75-79,3168
Prince Edward Island,Males,80-84,1646
Prince Edward Island,Males,85-89,909
Prince Edward Island,Males,90-94,335
Prince Edward Island,Males,95-99,83
Prince Edward Island,Males,0-14,12753
Prince Edward Island,Males,0-15,13713
Prince Edward Island,Males,0-16,14636
Prince Edward Island,Males,0-17,15606
Prince Edward Island,Males,15-49,39621
Prince Edward Island,Males,15-64,56162
Prince Edward Island,Males,16-64,55202
Prince Edward Island,Males,17-64,54279
Prince Edward Island,Males,18-64,53309
Prince Edward Island,Males,18-24,9570
Prince Edward Island,Males,25-44,22223
Prince Edward Island,Males,45-64,21516
Prince Edward Island,Females,0+,85898
Prince Edward Island,Females,0-4,3547
Prince Edward Island,Females,5-9,4006
Prince Edward Island,Females,10-14,4675
Prince Edward Island,Females,15-19,4682
Prince Edward Island,Females,20-24,6222
Prince Edward Island,Females,25-29,5977
Prince Edward Island,Females,30-34,5098
Prince Edward Island,Females,35-39,5069
Prince Edward Island,Females,40-44,5145
Prince Edward Island,Females,45-49,5254
Prince Edward Island,Females,50-54,5539
Prince Edward Island,Females,55-59,5857
Prince Edward Island,Females,60-64,6038
Prince Edward Island,Females,65-69,5638
Prince Edward Island,Females,70-74,4922
Prince Edward Island,Females,75-79,3541
Prince Edward Island,Females,80-84,2274
Prince Edward Island,Females,85-89,1479
Prince Edward Island,Females,90-94,663
Prince Edward Island,Females,95-99,218
Prince Edward Island,Females,0-14,12228
Prince Edward Island,Females,0-15,13177
Prince Edward Island,Females,0-16,14075
Prince Edward Island,Females,0-17,15000
Prince Edward Island,Females,15-49,37447
Prince Edward Island,Females,15-64,54881
Prince Edward Island,Females,16-64,53932
Prince Edward Island,Females,17-64,53034
Prince Edward Island,Females,18-64,52109
Prince Edward Island,Females,18-24,8132
Prince Edward Island,Females,25-44,21289
Prince Edward Island,Females,45-64,22688
Nova Scotia,Both sexes,0+,1019725
Nova Scotia,Both sexes,0-4,41575
Nova Scotia,Both sexes,5-9,47500
Nova Scotia,Both sexes,10-14,50171
Nova Scotia,Both sexes,15-19,50547
Nova Scotia,Both sexes,20-24,67816
Nova Scotia,Both sexes,25-29,70629
Nova Scotia,Both sexes,30-34,67409
Nova Scotia,Both sexes,35-39,63734
Nova Scotia,Both sexes,40-44,59989
Nova Scotia,Both sexes,45-49,60128
Nova Scotia,Both sexes,50-54,64465
Nova Scotia,Both sexes,55-59,74810
Nova Scotia,Both sexes,60-64,78225
Nova Scotia,Both sexes,65-69,70292
Nova Scotia,Both sexes,70-74,59090
Nova Scotia,Both sexes,75-79,43355
Nova Scotia,Both sexes,80-84,26234
Nova Scotia,Both sexes,85-89,14824
Nova Scotia,Both sexes,90-94,6680
Nova Scotia,Both sexes,95-99,1912
Nova Scotia,Both sexes,0-14,139246
Nova Scotia,Both sexes,0-15,149004
Nova Scotia,Both sexes,0-16,158797
Nova Scotia,Both sexes,0-17,168662
Nova Scotia,Both sexes,15-49,440252
Nova Scotia,Both sexes,15-64,657752
Nova Scotia,Both sexes,16-64,647994
Nova Scotia,Both sexes,17-64,638201
Nova Scotia,Both sexes,18-64,628336
Nova Scotia,Both sexes,18-24,88947
Nova Scotia,Both sexes,25-44,261761
Nova Scotia,Both sexes,45-64,277628
Nova Scotia,Males,0+,500620
Nova Scotia,Males,0-4,21338
Nova Scotia,Males,5-9,24385
Nova Scotia,Males,10-14,25716
Nova Scotia,Males,15-19,25878
Nova Scotia,Males,20-24,35980
Nova Scotia,Males,25-29,36487
Nova Scotia,Males,30-34,33379
Nova Scotia,Males,35-39,31370
Nova Scotia,Males,40-44,28651
Nova Scotia,Males,45-49,28883
Nova Scotia,Males,50-54,31331
Nova Scotia,Males,55-59,36603
Nova Scotia,Males,60-64,38099
Nova Scotia,Males,65-69,33934
Nova Scotia,Males,70-74,28195
Nova Scotia,Males,75-79,20183
Nova Scotia,Males,80-84,11577
Nova Scotia,Males,85-89,5954
Nova Scotia,Males,90-94,2152
Nova Scotia,Males,95-99,474
Nova Scotia,Males,0-14,71439
Nova Scotia,Males,0-15,76471
Nova Scotia,Males,0-16,81506
Nova Scotia,Males,0-17,86552
Nova Scotia,Males,15-49,220628
Nova Scotia,Males,15-64,326661
Nova Scotia,Males,16-64,321629
Nova Scotia,Males,17-64,316594
Nova Scotia,Males,18-64,311548
Nova Scotia,Males,18-24,46745
Nova Scotia,Males,25-44,129887
Nova Scotia,Males,45-64,134916
Nova Scotia,Females,0+,519105
Nova Scotia,Females,0-4,20237
Nova Scotia,Females,5-9,23115
Nova Scotia,Females,10-14,24455
Nova Scotia,Females,15-19,24669
Nova Scotia,Females,20-24,31836
Nova Scotia,Females,25-29,34142
Nova Scotia,Females,30-34,34030
Nova Scotia,Females,35-39,32364
Nova Scotia,Females,40-44,31338
Nova Scotia,Females,45-49,31245
Nova Scotia,Females,50-54,33134
Nova Scotia,Females,55-59,38207
Nova Scotia,Females,60-64,40126
Nova Scotia,Females,65-69,36358
Nova Scotia,Females,70-74,30895
Nova Scotia,Females,75-79,23172
Nova Scotia,Females,80-84,14657
Nova Scotia,Females,85-89,8870
Nova Scotia,Females,90-94,4528
Nova Scotia,Females,95-99,1438
Nova Scotia,Females,0-14,67807
Nova Scotia,Females,0-15,72533
Nova Scotia,Females,0-16,77291
Nova Scotia,Females,0-17,82110
Nova Scotia,Females,15-49,219624
Nova Scotia,Females,15-64,331091
Nova Scotia,Females,16-64,326365
Nova Scotia,Females,17-64,321607
Nova Scotia,Females,18-64,316788
Nova Scotia,Females,18-24,42202
Nova Scotia,Females,25-44,131874
Nova Scotia,Females,45-64,142712
New Brunswick,Both sexes,0+,812061
New Brunswick,Both sexes,0-4,33459
New Brunswick,Both sexes,5-9,38742
New Brunswick,Both sexes,10-14,41870
New Brunswick,Both sexes,15-19,41976
New Brunswick,Both sexes,20-24,48383
New Brunswick,Both sexes,25-29,47961
New Brunswick,Both sexes,30-34,48307
New Brunswick,Both sexes,35-39,48962
New Brunswick,Both sexes,40-44,48999
New Brunswick,Both sexes,45-49,51567
New Brunswick,Both sexes,50-54,53953
New Brunswick,Both sexes,55-59,61033
New Brunswick,Both sexes,60-64,62767
New Brunswick,Both sexes,65-69,58570
New Brunswick,Both sexes,70-74,49155
New Brunswick,Both sexes,75-79,35109
New Brunswick,Both sexes,80-84,21502
New Brunswick,Both sexes,85-89,12145
New Brunswick,Both sexes,90-94,5690
New Brunswick,Both sexes,95-99,1598
New Brunswick,Both sexes,0-14,114071
New Brunswick,Both sexes,0-15,122389
New Brunswick,Both sexes,0-16,130616
New Brunswick,Both sexes,0-17,138804
New Brunswick,Both sexes,15-49,336155
New Brunswick,Both sexes,15-64,513908
New Brunswick,Both sexes,16-64,505590
New Brunswick,Both sexes,17-64,497363
New Brunswick,Both sexes,18-64,489175
New Brunswick,Both sexes,18-24,65626
New Brunswick,Both sexes,25-44,194229
New Brunswick,Both sexes,45-64,229320
New Brunswick,Males,0+,403234
New Brunswick,Males,0-4,17186
New Brunswick,Males,5-9,19862
New Brunswick,Males,10-14,21279
New Brunswick,Males,15-19,21241
New Brunswick,Males,20-24,25507
New Brunswick,Males,25-29,25208
New Brunswick,Males,30-34,24259
New Brunswick,Males,35-39,24428
New Brunswick,Males,40-44,24442
New Brunswick,Males,45-49,25752
New Brunswick,Males,50-54,27114
New Brunswick,Males,55-59,30334
New Brunswick,Males,60-64,30933
New Brunswick,Males,65-69,28638
New Brunswick,Males,70-74,23511
New Brunswick,Males,75-79,16694
New Brunswick,Males,80-84,9713
New Brunswick,Males,85-89,4862
New Brunswick,Males,90-94,1873
New Brunswick,Males,95-99,366
New Brunswick,Males,0-14,58327
New Brunswick,Males,0-15,62592
New Brunswick,Males,0-16,66726
New Brunswick,Males,0-17,70907
New Brunswick,Males,15-49,170837
New Brunswick,Males,15-64,259218
New Brunswick,Males,16-64,254953
New Brunswick,Males,17-64,250819
New Brunswick,Males,18-64,246638
New Brunswick,Males,18-24,34168
New Brunswick,Males,25-44,98337
New Brunswick,Males,45-64,114133
New Brunswick,Females,0+,408827
New Brunswick,Females,0-4,16273
New Brunswick,Females,5-9,18880
New Brunswick,Females,10-14,20591
New Brunswick,Females,15-19,20735
New Brunswick,Females,20-24,22876
New Brunswick,Females,25-29,22753
New Brunswick,Females,30-34,24048
New Brunswick,Females,35-39,24534
New Brunswick,Females,40-44,24557
New Brunswick,Females,45-49,25815
New Brunswick,Females,50-54,26839
New Brunswick,Females,55-59,30699
New Brunswick,Females,60-64,31834
New Brunswick,Females,65-69,29932
New Brunswick,Females,70-74,25644
New Brunswick,Females,75-79,18415
New Brunswick,Females,80-84,11789
New Brunswick,Females,85-89,7283
New Brunswick,Females,90-94,3817
New Brunswick,Females,95-99,1232
New Brunswick,Females,0-14,55744
New Brunswick,Females,0-15,59797
New Brunswick,Females,0-16,63890
New Brunswick,Females,0-17,67897
New Brunswick,Females,15-49,165318
New Brunswick,Females,15-64,254690
New Brunswick,Females,16-64,250637
New Brunswick,Females,17-64,246544
New Brunswick,Females,18-64,242537
New Brunswick,Females,18-24,31458
New Brunswick,Females,25-44,95892
New Brunswick,Females,45-64,115187
Quebec,Both sexes,0+,8695659
Quebec,Both sexes,0-4,421638
Quebec,Both sexes,5-9,460423
Quebec,Both sexes,10-14,472931
Quebec,Both sexes,15-19,436654
Quebec,Both sexes,20-24,486665
Quebec,Both sexes,25-29,553328
Quebec,Both sexes,30-34,576331
Quebec,Both sexes,35-39,566569
Quebec,Both sexes,40-44,598780
Quebec,Both sexes,45-49,546996
Quebec,Both sexes,50-54,528673
Quebec,Both sexes,55-59,606412
Quebec,Both sexes,60-64,630038
Quebec,Both sexes,65-69,559713
Quebec,Both sexes,70-74,460598
Quebec,Both sexes,75-79,350195
Quebec,Both sexes,80-84,219652
Quebec,Both sexes,85-89,129926
Quebec,Both sexes,90-94,66196
Quebec,Both sexes,95-99,20345
Quebec,Both sexes,0-14,1354992
Quebec,Both sexes,0-15,1445330
Quebec,Both sexes,0-16,1532590
Quebec,Both sexes,0-17,1616930
Quebec,Both sexes,15-49,3765323
Quebec,Both sexes,15-64,5530446
Quebec,Both sexes,16-64,5440108
Quebec,Both sexes,17-64,5352848
Quebec,Both sexes,18-64,5268508
Quebec,Both sexes,18-24,661381
Quebec,Both sexes,25-44,2295008
Quebec,Both sexes,45-64,2312119
Quebec,Males,0+,4352890
Quebec,Males,0-4,216412
Quebec,Males,5-9,235513
Quebec,Males,10-14,240889
Quebec,Males,15-19,222218
Quebec,Males,20-24,252047
Quebec,Males,25-29,288244
Quebec,Males,30-34,297251
Quebec,Males,35-39,288460
Quebec,Males,40-44,304874
Quebec,Males,45-49,278340
Quebec,Males,50-54,267088
Quebec,Males,55-59,304628
Quebec,Males,60-64,313629
Quebec,Males,65-69,275806
Quebec,Males,70-74,223514
Quebec,Males,75-79,165586
Quebec,Males,80-84,98073
Quebec,Males,85-89,52283
Quebec,Males,90-94,22173
Quebec,Males,95-99,5050
Quebec,Males,0-14,692814
Quebec,Males,0-15,738814
Quebec,Males,0-16,783059
Quebec,Males,0-17,826057
Quebec,Males,15-49,1931434
Quebec,Males,15-64,2816779
Quebec,Males,16-64,2770779
Quebec,Males,17-64,2726534
Quebec,Males,18-64,2683536
Quebec,Males,18-24,341022
Quebec,Males,25-44,1178829
Quebec,Males,45-64,1163685
Quebec,Females,0+,4342769
Quebec,Females,0-4,205226
Quebec,Females,5-9,224910
Quebec,Females,10-14,232042
Quebec,Females,15-19,214436
Quebec,Females,20-24,234618
Quebec,Females,25-29,265084
Quebec,Females,30-34,279080
Quebec,Females,35-39,278109
Quebec,Females,40-44,293906
Quebec,Females,45-49,268656
Quebec,Females,50-54,261585
Quebec,Females,55-59,301784
Quebec,Females,60-64,316409
Quebec,Females,65-69,283907
Quebec,Females,70-74,237084
Quebec,Females,75-79,184609
Quebec,Females,80-84,121579
Quebec,Females,85-89,77643
Quebec,Females,90-94,44023
Quebec,Females,95-99,15295
Quebec,Females,0-14,662178
Quebec,Females,0-15,706516
Quebec,Females,0-16,749531
Quebec,Females,0-17,790873
Quebec,Females,15-49,1833889
Quebec,Females,15-64,2713667
Quebec,Females,16-64,2669329
Quebec,Females,17-64,2626314
Quebec,Females,18-64,2584972
Quebec,Females,18-24,320359
Quebec,Females,25-44,1116179
Quebec,Females,45-64,1148434
Ontario,Both sexes,0+,15109416
Ontario,Both sexes,0-4,714650
Ontario,Both sexes,5-9,769057
Ontario,Both sexes,10-14,803894
Ontario,Both sexes,15-19,849796
Ontario,Both sexes,20-24,1057363
Ontario,Both sexes,25-29,1125870
Ontario,Both sexes,30-34,1103727
Ontario,Both sexes,35-39,1042231
Ontario,Both sexes,40-44,953615
Ontario,Both sexes,45-49,920106
Ontario,Both sexes,50-54,952495
Ontario,Both sexes,55-59,1037511
Ontario,Both sexes,60-64,1004859
Ontario,Both sexes,65-69,855430
Ontario,Both sexes,70-74,702728
Ontario,Both sexes,75-79,523726
Ontario,Both sexes,80-84,342057
Ontario,Both sexes,85-89,210952
Ontario,Both sexes,90-94,103345
Ontario,Both sexes,95-99,31122
Ontario,Both sexes,0-14,2287601
Ontario,Both sexes,0-15,2450039
Ontario,Both sexes,0-16,2611405
Ontario,Both sexes,0-17,2775370
Ontario,Both sexes,15-49,7052708
Ontario,Both sexes,15-64,10047573
Ontario,Both sexes,16-64,9885135
Ontario,Both sexes,17-64,9723769
Ontario,Both sexes,18-64,9559804
Ontario,Both sexes,18-24,1419390
Ontario,Both sexes,25-44,4225443
Ontario,Both sexes,45-64,3914971
Ontario,Males,0+,7473772
Ontario,Males,0-4,366524
Ontario,Males,5-9,393179
Ontario,Males,10-14,409866
Ontario,Males,15-19,434540
Ontario,Males,20-24,552722
Ontario,Males,25-29,584381
Ontario,Males,30-34,561758
Ontario,Males,35-39,523249
Ontario,Males,40-44,465479
Ontario,Males,45-49,446204
Ontario,Males,50-54,468251
Ontario,Males,55-59,514199
Ontario,Males,60-64,492464
Ontario,Males,65-69,408422
Ontario,Males,70-74,329862
Ontario,Males,75-79,241500
Ontario,Males,80-84,149941
Ontario,Males,85-89,85806
Ontario,Males,90-94,35991
Ontario,Males,95-99,8591
Ontario,Males,0-14,1169569
Ontario,Males,0-15,1252206
Ontario,Males,0-16,1334453
Ontario,Males,0-17,1418135
Ontario,Males,15-49,3568333
Ontario,Males,15-64,5043247
Ontario,Males,16-64,4960610
Ontario,Males,17-64,4878363
Ontario,Males,18-64,4794681
Ontario,Males,18-24,738696
Ontario,Males,25-44,2134867
Ontario,Males,45-64,1921118
Ontario,Females,0+,7635644
Ontario,Females,0-4,348126
Ontario,Females,5-9,375878
Ontario,Females,10-14,394028
Ontario,Females,15-19,415256
Ontario,Females,20-24,504641
Ontario,Females,25-29,541489
Ontario,Females,30-34,541969
Ontario,Females,35-39,518982
Ontario,Females,40-44,488136
Ontario,Females,45-49,473902
Ontario,Females,50-54,484244
Ontario,Females,55-59,523312
Ontario,Females,60-64,512395
Ontario,Females,65-69,447008
Ontario,Females,70-74,372866
Ontario,Females,75-79,282226
Ontario,Females,80-84,192116
Ontario,Females,85-89,125146
Ontario,Females,90-94,67354
Ontario,Females,95-99,22531
Ontario,Females,0-14,1118032
Ontario,Females,0-15,1197833
Ontario,Females,0-16,1276952
Ontario,Females,0-17,1357235
Ontario,Females,15-49,3484375
Ontario,Females,15-64,5004326
Ontario,Females,16-64,4924525
Ontario,Females,17-64,4845406
Ontario,Females,18-64,4765123
Ontario,Females,18-24,680694
Ontario,Females,25-44,2090576
Ontario,Females,45-64,1993853
Manitoba,Both sexes,0+,1409223
Manitoba,Both sexes,0-4,81465
Manitoba,Both sexes,5-9,90768
Manitoba,Both sexes,10-14,89672
Manitoba,Both sexes,15-19,85298
Manitoba,Both sexes,20-24,105574
Manitoba,Both sexes,25-29,98415
Manitoba,Both sexes,30-34,99921
Manitoba,Both sexes,35-39,98916
Manitoba,Both sexes,40-44,90602
Manitoba,Both sexes,45-49,83236
Manitoba,Both sexes,50-54,80397
Manitoba,Both sexes,55-59,84712
Manitoba,Both sexes,60-64,85875
Manitoba,Both sexes,65-69,74807
Manitoba,Both sexes,70-74,59875
Manitoba,Both sexes,75-79,42935
Manitoba,Both sexes,80-84,27595
Manitoba,Both sexes,85-89,16882
Manitoba,Both sexes,90-94,8856
Manitoba,Both sexes,95-99,2883
Manitoba,Both sexes,0-14,261905
Manitoba,Both sexes,0-15,278996
Manitoba,Both sexes,0-16,295680
Manitoba,Both sexes,0-17,312131
Manitoba,Both sexes,15-49,661962
Manitoba,Both sexes,15-64,912946
Manitoba,Both sexes,16-64,895855
Manitoba,Both sexes,17-64,879171
Manitoba,Both sexes,18-64,862720
Manitoba,Both sexes,18-24,140646
Manitoba,Both sexes,25-44,387854
Manitoba,Both sexes,45-64,334220
Manitoba,Males,0+,704350
Manitoba,Males,0-4,41500
Manitoba,Males,5-9,46741
Manitoba,Males,10-14,45449
Manitoba,Males,15-19,43159
Manitoba,Males,20-24,56110
Manitoba,Males,25-29,51520
Manitoba,Males,30-34,50447
Manitoba,Males,35-39,49314
Manitoba,Males,40-44,45514
Manitoba,Males,45-49,42238
Manitoba,Males,50-54,39955
Manitoba,Males,55-59,41626
Manitoba,Males,60-64,42512
Manitoba,Males,65-69,36572
Manitoba,Males,70-74,28620
Manitoba,Males,75-79,20277
Manitoba,Males,80-84,12241
Manitoba,Males,85-89,6861
Manitoba,Males,90-94,2901
Manitoba,Males,95-99,689
Manitoba,Males,0-14,133690
Manitoba,Males,0-15,142226
Manitoba,Males,0-16,150602
Manitoba,Males,0-17,158930
Manitoba,Males,15-49,338302
Manitoba,Males,15-64,462395
Manitoba,Males,16-64,453859
Manitoba,Males,17-64,445483
Manitoba,Males,18-64,437155
Manitoba,Males,18-24,74029
Manitoba,Males,25-44,196795
Manitoba,Males,45-64,166331
Manitoba,Females,0+,704873
Manitoba,Females,0-4,39965
Manitoba,Females,5-9,44027
Manitoba,Females,10-14,44223
Manitoba,Females,15-19,42139
Manitoba,Females,20-24,49464
Manitoba,Females,25-29,46895
Manitoba,Females,30-34,49474
Manitoba,Females,35-39,49602
Manitoba,Females,40-44,45088
Manitoba,Females,45-49,40998
Manitoba,Females,50-54,40442
Manitoba,Females,55-59,43086
Manitoba,Females,60-64,43363
Manitoba,Females,65-69,38235
Manitoba,Females,70-74,31255
Manitoba,Females,75-79,22658
Manitoba,Females,80-84,15354
Manitoba,Females,85-89,10021
Manitoba,Females,90-94,5955
Manitoba,Females,95-99,2194
Manitoba,Females,0-14,128215
Manitoba,Females,0-15,136770
Manitoba,Females,0-16,145078
Manitoba,Females,0-17,153201
Manitoba,Females,15-49,323660
Manitoba,Females,15-64,450551
Manitoba,Females,16-64,441996
Manitoba,Females,17-64,433688
Manitoba,Females,18-64,425565
Manitoba,Females,18-24,66617
Manitoba,Females,25-44,191059
Manitoba,Females,45-64,167889
Saskatchewan,Both sexes,0+,1194803
Saskatchewan,Both sexes,0-4,71951
Saskatchewan,Both sexes,5-9,79574
Saskatchewan,Both sexes,10-14,79615
Saskatchewan,Both sexes,15-19,73172
Saskatchewan,Both sexes,20-24,76947
Saskatchewan,Both sexes,25-29,75343
Saskatchewan,Both sexes,30-34,82574
Saskatchewan,Both sexes,35-39,90388
Saskatchewan,Both sexes,40-44,81301
Saskatchewan,Both sexes,45-49,69522
Saskatchewan,Both sexes,50-54,65194
Saskatchewan,Both sexes,55-59,71580
Saskatchewan,Both sexes,60-64,74996
Saskatchewan,Both sexes,65-69,67103
Saskatchewan,Both sexes,70-74,50113
Saskatchewan,Both sexes,75-79,35349
Saskatchewan,Both sexes,80-84,23794
Saskatchewan,Both sexes,85-89,15195
Saskatchewan,Both sexes,90-94,8134
Saskatchewan,Both sexes,95-99,2384
Saskatchewan,Both sexes,0-14,231140
Saskatchewan,Both sexes,0-15,246216
Saskatchewan,Both sexes,0-16,260977
Saskatchewan,Both sexes,0-17,275193
Saskatchewan,Both sexes,15-49,549247
Saskatchewan,Both sexes,15-64,761017
Saskatchewan,Both sexes,16-64,745941
Saskatchewan,Both sexes,17-64,731180
Saskatchewan,Both sexes,18-64,716964
Saskatchewan,Both sexes,18-24,106066
Saskatchewan,Both sexes,25-44,329606
Saskatchewan,Both sexes,45-64,281292
Saskatchewan,Males,0+,601221
Saskatchewan,Males,0-4,36669
Saskatchewan,Males,5-9,40490
Saskatchewan,Males,10-14,40702
Saskatchewan,Males,15-19,37253
Saskatchewan,Males,20-24,40413
Saskatchewan,Males,25-29,39408
Saskatchewan,Males,30-34,41900
Saskatchewan,Males,35-39,45719
Saskatchewan,Males,40-44,41606
Saskatchewan,Males,45-49,35281
Saskatchewan,Males,50-54,33113
Saskatchewan,Males,55-59,36333
Saskatchewan,Males,60-64,37780
Saskatchewan,Males,65-69,33505
Saskatchewan,Males,70-74,24731
Saskatchewan,Males,75-79,16794
Saskatchewan,Males,80-84,10339
Saskatchewan,Males,85-89,5887
Saskatchewan,Males,90-94,2598
Saskatchewan,Males,95-99,601
Saskatchewan,Males,0-14,117861
Saskatchewan,Males,0-15,125451
Saskatchewan,Males,0-16,132930
Saskatchewan,Males,0-17,140113
Saskatchewan,Males,15-49,281580
Saskatchewan,Males,15-64,388806
Saskatchewan,Males,16-64,381216
Saskatchewan,Males,17-64,373737
Saskatchewan,Males,18-64,366554
Saskatchewan,Males,18-24,55414
Saskatchewan,Males,25-44,168633
Saskatchewan,Males,45-64,142507
Saskatchewan,Females,0+,593582
Saskatchewan,Females,0-4,35282
Saskatchewan,Females,5-9,39084
Saskatchewan,Females,10-14,38913
Saskatchewan,Females,15-19,35919
Saskatchewan,Females,20-24,36534
Saskatchewan,Females,25-29,35935
Saskatchewan,Females,30-34,40674
Saskatchewan,Females,35-39,44669
Saskatchewan,Females,40-44,39695
Saskatchewan,Females,45-49,34241
Saskatchewan,Females,50-54,32081
Saskatchewan,Females,55-59,35247
Saskatchewan,Females,60-64,37216
Saskatchewan,Females,65-69,33598
Saskatchewan,Females,70-74,25382
Saskatchewan,Females,75-79,18555
Saskatchewan,Females,80-84,13455
Saskatchewan,Females,85-89,9308
Saskatchewan,Females,90-94,5536
Saskatchewan,Females,95-99,1783
Saskatchewan,Females,0-14,113279
Saskatchewan,Females,0-15,120765
Saskatchewan,Females,0-16,128047
Saskatchewan,Females,0-17,135080
Saskatchewan,Females,15-49,267667
Saskatchewan,Females,15-64,372211
Saskatchewan,Females,16-64,364725
Saskatchewan,Females,17-64,357443
Saskatchewan,Females,18-64,350410
Saskatchewan,Females,18-24,50652
Saskatchewan,Females,25-44,160973
Saskatchewan,Females,45-64,138785
Alberta,Both sexes,0+,4543111
Alberta,Both sexes,0-4,257511
Alberta,Both sexes,5-9,284463
Alberta,Both sexes,10-14,286800
Alberta,Both sexes,15-19,268547
Alberta,Both sexes,20-24,281118
Alberta,Both sexes,25-29,307763
Alberta,Both sexes,30-34,353839
Alberta,Both sexes,35-39,369891
Alberta,Both sexes,40-44,340630
Alberta,Both sexes,45-49,298702
Alberta,Both sexes,50-54,274963
Alberta,Both sexes,55-59,273025
Alberta,Both sexes,60-64,273346
Alberta,Both sexes,65-69,233404
Alberta,Both sexes,70-74,172273
Alberta,Both sexes,75-79,118545
Alberta,Both sexes,80-84,74812
Alberta,Both sexes,85-89,45118
Alberta,Both sexes,90-94,21500
Alberta,Both sexes,95-99,5929
Alberta,Both sexes,0-14,828774
Alberta,Both sexes,0-15,884078
Alberta,Both sexes,0-16,937338
Alberta,Both sexes,0-17,989878
Alberta,Both sexes,15-49,2220490
Alberta,Both sexes,15-64,3041824
Alberta,Both sexes,16-64,2986520
Alberta,Both sexes,17-64,2933260
Alberta,Both sexes,18-64,2880720
Alberta,Both sexes,18-24,388561
Alberta,Both sexes,25-44,1372123
Alberta,Both sexes,45-64,1120036
Alberta,Males,0+,2282015
Alberta,Males,0-4,131584
Alberta,Males,5-9,145290
Alberta,Males,10-14,146787
Alberta,Males,15-19,137172
Alberta,Males,20-24,145314
Alberta,Males,25-29,158507
Alberta,Males,30-34,180344
Alberta,Males,35-39,187600
Alberta,Males,40-44,171267
Alberta,Males,45-49,150903
Alberta,Males,50-54,140208
Alberta,Males,55-59,136874
Alberta,Males,60-64,135357
Alberta,Males,65-69,115042
Alberta,Males,70-74,83054
Alberta,Males,75-79,55525
Alberta,Males,80-84,33354
Alberta,Males,85-89,18482
Alberta,Males,90-94,7595
Alberta,Males,95-99,1586
Alberta,Males,0-14,423661
Alberta,Males,0-15,451867
Alberta,Males,0-16,478956
Alberta,Males,0-17,505870
Alberta,Males,15-49,1131107
Alberta,Males,15-64,1543546
Alberta,Males,16-64,1515340
Alberta,Males,17-64,1488251
Alberta,Males,18-64,1461337
Alberta,Males,18-24,200277
Alberta,Males,25-44,697718
Alberta,Males,45-64,563342
Alberta,Females,0+,2261096
Alberta,Females,0-4,125927
Alberta,Females,5-9,139173
Alberta,Females,10-14,140013
Alberta,Females,15-19,131375
Alberta,Females,20-24,135804
Alberta,Females,25-29,149256
Alberta,Females,30-34,173495
Alberta,Females,35-39,182291
Alberta,Females,40-44,169363
Alberta,Females,45-49,147799
Alberta,Females,50-54,134755
Alberta,Females,55-59,136151
Alberta,Females,60-64,137989
Alberta,Females,65-69,118362
Alberta,Females,70-74,89219
Alberta,Females,75-79,63020
Alberta,Females,80-84,41458
Alberta,Females,85-89,26636
Alberta,Females,90-94,13905
Alberta,Females,95-99,4343
Alberta,Females,0-14,405113
Alberta,Females,0-15,432211
Alberta,Females,0-16,458382
Alberta,Females,0-17,484008
Alberta,Females,15-49,1089383
Alberta,Females,15-64,1498278
Alberta,Females,16-64,1471180
Alberta,Females,17-64,1445009
Alberta,Females,18-64,1419383
Alberta,Females,18-24,188284
Alberta,Females,25-44,674405
Alberta,Females,45-64,556694
British Columbia,Both sexes,0+,5319324
British Columbia,Both sexes,0-4,222901
British Columbia,Both sexes,5-9,250780
British Columbia,Both sexes,10-14,257290
British Columbia,Both sexes,15-19,273659
British Columbia,Both sexes,20-24,343663
British Columbia,Both sexes,25-29,372791
British Columbia,Both sexes,30-34,400607
British Columbia,Both sexes,35-39,388233
British Columbia,Both sexes,40-44,349396
British Columbia,Both sexes,45-49,323660
British Columbia,Both sexes,50-54,345278
British Columbia,Both sexes,55-59,364071
British Columbia,Both sexes,60-64,368533
British Columbia,Both sexes,65-69,332215
British Columbia,Both sexes,70-74,278298
British Columbia,Both sexes,75-79,199295
British Columbia,Both sexes,80-84,124596
British Columbia,Both sexes,85-89,75215
British Columbia,Both sexes,90-94,36366
British Columbia,Both sexes,95-99,10411
British Columbia,Both sexes,0-14,730971
British Columbia,Both sexes,0-15,782470
British Columbia,Both sexes,0-16,834915
British Columbia,Both sexes,0-17,888453
British Columbia,Both sexes,15-49,2452009
British Columbia,Both sexes,15-64,3529891
British Columbia,Both sexes,16-64,3478392
British Columbia,Both sexes,17-64,3425947
British Columbia,Both sexes,18-64,3372409
British Columbia,Both sexes,18-24,459840
British Columbia,Both sexes,25-44,1511027
British Columbia,Both sexes,45-64,1401542
British Columbia,Males,0+,2628580
British Columbia,Males,0-4,114904
British Columbia,Males,5-9,129781
British Columbia,Males,10-14,131525
British Columbia,Males,15-19,138050
British Columbia,Males,20-24,176835
British Columbia,Males,25-29,192867
British Columbia,Males,30-34,202831
British Columbia,Males,35-39,195575
British Columbia,Males,40-44,172516
British Columbia,Males,45-49,157756
British Columbia,Males,50-54,166750
British Columbia,Males,55-59,177243
British Columbia,Males,60-64,178732
British Columbia,Males,65-69,158714
British Columbia,Males,70-74,132672
British Columbia,Males,75-79,94743
British Columbia,Males,80-84,57521
British Columbia,Males,85-89,32371
British Columbia,Males,90-94,13869
British Columbia,Males,95-99,2864
British Columbia,Males,0-14,376210
British Columbia,Males,0-15,402192
British Columbia,Males,0-16,428591
British Columbia,Males,0-17,455360
British Columbia,Males,15-49,1236430
British Columbia,Males,15-64,1759155
British Columbia,Males,16-64,1733173
British Columbia,Males,17-64,1706774
British Columbia,Males,18-64,1680005
British Columbia,Males,18-24,235735
British Columbia,Males,25-44,763789
British Columbia,Males,45-64,680481
British Columbia,Females,0+,2690744
British Columbia,Females,0-4,107997
British Columbia,Females,5-9,120999
British Columbia,Females,10-14,125765
British Columbia,Females,15-19,135609
British Columbia,Females,20-24,166828
British Columbia,Females,25-29,179924
British Columbia,Females,30-34,197776
British Columbia,Females,35-39,192658
British Columbia,Females,40-44,176880
British Columbia,Females,45-49,165904
British Columbia,Females,50-54,178528
British Columbia,Females,55-59,186828
British Columbia,Females,60-64,189801
British Columbia,Females,65-69,173501
British Columbia,Females,70-74,145626
British Columbia,Females,75-79,104552
British Columbia,Females,80-84,67075
British Columbia,Females,85-89,42844
British Columbia,Females,90-94,22497
British Columbia,Females,95-99,7547
British Columbia,Females,0-14,354761
British Columbia,Females,0-15,380278
British Columbia,Females,0-16,406324
British Columbia,Females,0-17,433093
British Columbia,Females,15-49,1215579
British Columbia,Females,15-64,1770736
British Columbia,Females,16-64,1745219
British Columbia,Females,17-64,1719173
British Columbia,Females,18-64,1692404
British Columbia,Females,18-24,224105
British Columbia,Females,25-44,747238
British Columbia,Females,45-64,721061
Yukon,Both sexes,0+,43789
Yukon,Both sexes,0-4,2194
Yukon,Both sexes,5-9,2576
Yukon,Both sexes,10-14,2456
Yukon,Both sexes,15-19,2117
Yukon,Both sexes,20-24,2740
Yukon,Both sexes,25-29,2932
Yukon,Both sexes,30-34,3498
Yukon,Both sexes,35-39,3789
Yukon,Both sexes,40-44,3384
Yukon,Both sexes,45-49,2853
Yukon,Both sexes,50-54,2852
Yukon,Both sexes,55-59,2889
Yukon,Both sexes,60-64,3166
Yukon,Both sexes,65-69,2670
Yukon,Both sexes,70-74,1725
Yukon,Both sexes,75-79,1078
Yukon,Both sexes,80-84,498
Yukon,Both sexes,85-89,234
Yukon,Both sexes,90-94,93
Yukon,Both sexes,95-99,27
Yukon,Both sexes,0-14,7226
Yukon,Both sexes,0-15,7670
Yukon,Both sexes,0-16,8097
Yukon,Both sexes,0-17,8502
Yukon,Both sexes,15-49,21313
Yukon,Both sexes,15-64,30220
Yukon,Both sexes,16-64,29776
Yukon,Both sexes,17-64,29349
Yukon,Both sexes,18-64,28944
Yukon,Both sexes,18-24,3581
Yukon,Both sexes,25-44,13603
Yukon,Both sexes,45-64,11760
Yukon,Males,0+,22215
Yukon,Males,0-4,1165
Yukon,Males,5-9,1373
Yukon,Males,10-14,1264
Yukon,Males,15-19,1072
Yukon,Males,20-24,1464
Yukon,Males,25-29,1549
Yukon,Males,30-34,1760
Yukon,Males,35-39,1837
Yukon,Males,40-44,1673
Yukon,Males,45-49,1326
Yukon,Males,50-54,1452
Yukon,Males,55-59,1440
Yukon,Males,60-64,1547
Yukon,Males,65-69,1384
Yukon,Males,70-74,878
Yukon,Males,75-79,578
Yukon,Males,80-84,281
Yukon,Males,85-89,98
Yukon,Males,90-94,58
Yukon,Males,95-99,13
Yukon,Males,0-14,3802
Yukon,Males,0-15,4019
Yukon,Males,0-16,4234
Yukon,Males,0-17,4429
Yukon,Males,15-49,10681
Yukon,Males,15-64,15120
Yukon,Males,16-64,14903
Yukon,Males,17-64,14688
Yukon,Males,18-64,14493
Yukon,Males,18-24,1909
Yukon,Males,25-44,6819
Yukon,Males,45-64,5765
Yukon,Females,0+,21574
Yukon,Females,0-4,1029
Yukon,Females,5-9,1203
Yukon,Females,10-14,1192
Yukon,Females,15-19,1045
Yukon,Females,20-24,1276
Yukon,Females,25-29,1383
Yukon,Females,30-34,1738
Yukon,Females,35-39,1952
Yukon,Females,40-44,1711
Yukon,Females,45-49,1527
Yukon,Females,50-54,1400
Yukon,Females,55-59,1449
Yukon,Females,60-64,1619
Yukon,Females,65-69,1286
Yukon,Females,70-74,847
Yukon,Females,75-79,500
Yukon,Females,80-84,217
Yukon,Females,85-89,136
Yukon,Females,90-94,35
Yukon,Females,95-99,14
Yukon,Females,0-14,3424
Yukon,Females,0-15,3651
Yukon,Females,0-16,3863
Yukon,Females,0-17,4073
Yukon,Females,15-49,10632
Yukon,Females,15-64,15100
Yukon,Females,16-64,14873
Yukon,Females,17-64,14661
Yukon,Females,18-64,14451
Yukon,Females,18-24,1672
Yukon,Females,25-44,6784
Yukon,Females,45-64,5995
Northwest Territories,Both sexes,0+,45605
Northwest Territories,Both sexes,0-4,2794
Northwest Territories,Both sexes,5-9,2992
Northwest Territories,Both sexes,10-14,2997
Northwest Territories,Both sexes,15-19,2869
Northwest Territories,Both sexes,20-24,3094
Northwest Territories,Both sexes,25-29,3701
Northwest Territories,Both sexes,30-34,3787
Northwest Territories,Both sexes,35-39,3391
Northwest Territories,Both sexes,40-44,3441
Northwest Territories,Both sexes,45-49,2806
Northwest Territories,Both sexes,50-54,3096
Northwest Territories,Both sexes,55-59,3355
Northwest Territories,Both sexes,60-64,2697
Northwest Territories,Both sexes,65-69,2078
Northwest Territories,Both sexes,70-74,1224
Northwest Territories,Both sexes,75-79,741
Northwest Territories,Both sexes,80-84,307
Northwest Territories,Both sexes,85-89,160
Northwest Territories,Both sexes,90-94,58
Northwest Territories,Both sexes,95-99,11
Northwest Territories,Both sexes,0-14,8783
Northwest Territories,Both sexes,0-15,9378
Northwest Territories,Both sexes,0-16,9973
Northwest Territories,Both sexes,0-17,10545
Northwest Territories,Both sexes,15-49,23089
Northwest Territories,Both sexes,15-64,32237
Northwest Territories,Both sexes,16-64,31642
Northwest Territories,Both sexes,17-64,31047
Northwest Territories,Both sexes,18-64,30475
Northwest Territories,Both sexes,18-24,4201
Northwest Territories,Both sexes,25-44,14320
Northwest Territories,Both sexes,45-64,11954
Northwest Territories,Males,0+,23510
Northwest Territories,Males,0-4,1540
Northwest Territories,Males,5-9,1549
Northwest Territories,Males,10-14,1442
Northwest Territories,Males,15-19,1401
Northwest Territories,Males,20-24,1542
Northwest Territories,Males,25-29,2069
Northwest Territories,Males,30-34,1948
Northwest Territories,Males,35-39,1754
Northwest Territories,Males,40-44,1698
Northwest Territories,Males,45-49,1300
Northwest Territories,Males,50-54,1557
Northwest Territories,Males,55-59,1803
Northwest Territories,Males,60-64,1535
Northwest Territories,Males,65-69,1016
Northwest Territories,Males,70-74,660
Northwest Territories,Males,75-79,417
Northwest Territories,Males,80-84,151
Northwest Territories,Males,85-89,104
Northwest Territories,Males,90-94,18
Northwest Territories,Males,95-99,1
Northwest Territories,Males,0-14,4531
Northwest Territories,Males,0-15,4831
Northwest Territories,Males,0-16,5125
Northwest Territories,Males,0-17,5410
Northwest Territories,Males,15-49,11712
Northwest Territories,Males,15-64,16607
Northwest Territories,Males,16-64,16307
Northwest Territories,Males,17-64,16013
Northwest Territories,Males,18-64,15728
Northwest Territories,Males,18-24,2064
Northwest Territories,Males,25-44,7469
Northwest Territories,Males,45-64,6195
Northwest Territories,Females,0+,22095
Northwest Territories,Females,0-4,1254
Northwest Territories,Females,5-9,1443
Northwest Territories,Females,10-14,1555
Northwest Territories,Females,15-19,1468
Northwest Territories,Females,20-24,1552
Northwest Territories,Females,25-29,1632
Northwest Territories,Females,30-34,1839
Northwest Territories,Females,35-39,1637
Northwest Territories,Females,40-44,1743
Northwest Territories,Females,45-49,1506
Northwest Territories,Females,50-54,1539
Northwest Territories,Females,55-59,1552
Northwest Territories,Females,60-64,1162
Northwest Territories,Females,65-69,1062
Northwest Territories,Females,70-74,564
Northwest Territories,Females,75-79,324
Northwest Territories,Females,80-84,156
Northwest Territories,Females,85-89,56
Northwest Territories,Females,90-94,40
Northwest Territories,Females,95-99,10
Northwest Territories,Females,0-14,4252
Northwest Territories,Females,0-15,4547
Northwest Territories,Females,0-16,4848
Northwest Territories,Females,0-17,5135
Northwest Territories,Females,15-49,11377
Northwest Territories,Females,15-64,15630
Northwest Territories,Females,16-64,15335
Northwest Territories,Females,17-64,15034
Northwest Territories,Females,18-64,14747
Northwest Territories,Females,18-24,2137
Northwest Territories,Females,25-44,6851
Northwest Territories,Females,45-64,5759
Nunavut,Both sexes,0+,40526
Nunavut,Both sexes,0-4,4114
Nunavut,Both sexes,5-9,4207
Nunavut,Both sexes,10-14,4104
Nunavut,Both sexes,15-19,3481
Nunavut,Both sexes,20-24,3145
Nunavut,Both sexes,25-29,3195
Nunavut,Both sexes,30-34,3327
Nunavut,Both sexes,35-39,2811
Nunavut,Both sexes,40-44,2560
Nunavut,Both sexes,45-49,2105
Nunavut,Both sexes,50-54,2445
Nunavut,Both sexes,55-59,1971
Nunavut,Both sexes,60-64,1252
Nunavut,Both sexes,65-69,733
Nunavut,Both sexes,70-74,545
Nunavut,Both sexes,75-79,304
Nunavut,Both sexes,80-84,145
Nunavut,Both sexes,85-89,53
Nunavut,Both sexes,90-94,24
Nunavut,Both sexes,95-99,3
Nunavut,Both sexes,0-14,12425
Nunavut,Both sexes,0-15,13176
Nunavut,Both sexes,0-16,13889
Nunavut,Both sexes,0-17,14573
Nunavut,Both sexes,15-49,20624
Nunavut,Both sexes,15-64,26292
Nunavut,Both sexes,16-64,25541
Nunavut,Both sexes,17-64,24828
Nunavut,Both sexes,18-64,24144
Nunavut,Both sexes,18-24,4478
Nunavut,Both sexes,25-44,11893
Nunavut,Both sexes,45-64,7773
Nunavut,Males,0+,20746
Nunavut,Males,0-4,2058
Nunavut,Males,5-9,2161
Nunavut,Males,10-14,2086
Nunavut,Males,15-19,1756
Nunavut,Males,20-24,1603
Nunavut,Males,25-29,1603
Nunavut,Males,30-34,1661
Nunavut,Males,35-39,1429
Nunavut,Males,40-44,1322
Nunavut,Males,45-49,1104
Nunavut,Males,50-54,1296
Nunavut,Males,55-59,1031
Nunavut,Males,60-64,589
Nunavut,Males,65-69,453
Nunavut,Males,70-74,310
Nunavut,Males,75-79,160
Nunavut,Males,80-84,77
Nunavut,Males,85-89,30
Nunavut,Males,90-94,14
Nunavut,Males,95-99,3
Nunavut,Males,0-14,6305
Nunavut,Males,0-15,6710
Nunavut,Males,0-16,7063
Nunavut,Males,0-17,7405
Nunavut,Males,15-49,10478
Nunavut,Males,15-64,13394
Nunavut,Males,16-64,12989
Nunavut,Males,17-64,12636
Nunavut,Males,18-64,12294
Nunavut,Males,18-24,2259
Nunavut,Males,25-44,6015
Nunavut,Males,45-64,4020
Nunavut,Females,0+,19780
Nunavut,Females,0-4,2056
Nunavut,Females,5-9,2046
Nunavut,Females,10-14,2018
Nunavut,Females,15-19,1725
Nunavut,Females,20-24,1542
Nunavut,Females,25-29,1592
Nunavut,Females,30-34,1666
Nunavut,Females,35-39,1382
Nunavut,Females,40-44,1238
Nunavut,Females,45-49,1001
Nunavut,Females,50-54,1149
Nunavut,Females,55-59,940
Nunavut,Females,60-64,663
Nunavut,Females,65-69,280
Nunavut,Females,70-74,235
Nunavut,Females,75-79,144
Nunavut,Females,80-84,68
Nunavut,Females,85-89,23
Nunavut,Females,90-94,10
Nunavut,Females,95-99,0
Nunavut,Females,0-14,6120
Nunavut,Females,0-15,6466
Nunavut,Females,0-16,6826
Nunavut,Females,0-17,7168
Nunavut,Females,15-49,10146
Nunavut,Females,15-64,12898
Nunavut,Females,16-64,12552
Nunavut,Females,17-64,12192
Nunavut,Females,18-64,11850
Nunavut,Females,18-24,2219
Nunavut,Females,25-44,5878
Nunavut,Females,45-64,3753
